"LFS_COUNTRY","Country","PROG","Programmes","MEAS","Measure","FREQUENCY","Frequency","TIME","Time","Value","Flag Codes","Flags"
"FRA","France","20","Training","EXPPCT","Public expenditure as a percentage of GDP","A","Annual","2008","2008",0.25,,
"FRA","France","20","Training","EXPPCT","Public expenditure as a percentage of GDP","A","Annual","2009","2009",0.33,,
"FRA","France","20","Training","EXPPCT","Public expenditure as a percentage of GDP","A","Annual","2010","2010",0.33,,
"FRA","France","20","Training","EXPPCT","Public expenditure as a percentage of GDP","A","Annual","2011","2011",0.31,,
"FRA","France","20","Training","EXPPCT","Public expenditure as a percentage of GDP","A","Annual","2012","2012",0.29,,
"FRA","France","20","Training","EXPPCT","Public expenditure as a percentage of GDP","A","Annual","2013","2013",0.29,,
"FRA","France","20","Training","EXPPCT","Public expenditure as a percentage of GDP","A","Annual","2014","2014",0.29,,
"FRA","France","20","Training","EXPPCT","Public expenditure as a percentage of GDP","A","Annual","2015","2015",0.27,,
"FRA","France","20","Training","EXPPCT","Public expenditure as a percentage of GDP","A","Annual","2016","2016",0.3,,
"FRA","France","20","Training","EXPPCT","Public expenditure as a percentage of GDP","A","Annual","2017","2017",0.29,,
"FRA","France","20","Training","EXPPCT","Public expenditure as a percentage of GDP","A","Annual","2018","2018",0.25,,
"FRA","France","20","Training","EXPPCT","Public expenditure as a percentage of GDP","A","Annual","2019","2019",0.26,,
"FRA","France","20","Training","STOPCT","Participant stocks as a percentage of the labour force","A","Annual","2008","2008",2.06,,
"FRA","France","20","Training","STOPCT","Participant stocks as a percentage of the labour force","A","Annual","2009","2009",2.01,,
"FRA","France","20","Training","STOPCT","Participant stocks as a percentage of the labour force","A","Annual","2010","2010",2.04,,
"FRA","France","20","Training","STOPCT","Participant stocks as a percentage of the labour force","A","Annual","2011","2011",1.98,,
"FRA","France","20","Training","STOPCT","Participant stocks as a percentage of the labour force","A","Annual","2012","2012",1.93,,
"FRA","France","20","Training","STOPCT","Participant stocks as a percentage of the labour force","A","Annual","2013","2013",2.01,,
"FRA","France","20","Training","STOPCT","Participant stocks as a percentage of the labour force","A","Annual","2014","2014",1.88,,
"FRA","France","20","Training","STOPCT","Participant stocks as a percentage of the labour force","A","Annual","2015","2015",1.79,,
"FRA","France","20","Training","STOPCT","Participant stocks as a percentage of the labour force","A","Annual","2016","2016",1.87,,
"FRA","France","20","Training","STOPCT","Participant stocks as a percentage of the labour force","A","Annual","2017","2017",1.77,,
"FRA","France","20","Training","STOPCT","Participant stocks as a percentage of the labour force","A","Annual","2018","2018",1.64,,
"FRA","France","20","Training","STOPCT","Participant stocks as a percentage of the labour force","A","Annual","2019","2019",1.71,,
"FRA","France","40","Employment incentives","EXPPCT","Public expenditure as a percentage of GDP","A","Annual","2008","2008",0.07,,
"FRA","France","40","Employment incentives","EXPPCT","Public expenditure as a percentage of GDP","A","Annual","2009","2009",0.06,,
"FRA","France","40","Employment incentives","EXPPCT","Public expenditure as a percentage of GDP","A","Annual","2010","2010",0.07,,
"FRA","France","40","Employment incentives","EXPPCT","Public expenditure as a percentage of GDP","A","Annual","2011","2011",0.03,,
"FRA","France","40","Employment incentives","EXPPCT","Public expenditure as a percentage of GDP","A","Annual","2012","2012",0.03,,
"FRA","France","40","Employment incentives","EXPPCT","Public expenditure as a percentage of GDP","A","Annual","2013","2013",0.03,,
"FRA","France","40","Employment incentives","EXPPCT","Public expenditure as a percentage of GDP","A","Annual","2014","2014",0.04,,
"FRA","France","40","Employment incentives","EXPPCT","Public expenditure as a percentage of GDP","A","Annual","2015","2015",0.05,,
"FRA","France","40","Employment incentives","EXPPCT","Public expenditure as a percentage of GDP","A","Annual","2016","2016",0.06,,
"FRA","France","40","Employment incentives","EXPPCT","Public expenditure as a percentage of GDP","A","Annual","2017","2017",0.05,,
"FRA","France","40","Employment incentives","EXPPCT","Public expenditure as a percentage of GDP","A","Annual","2018","2018",0.03,,
"FRA","France","40","Employment incentives","EXPPCT","Public expenditure as a percentage of GDP","A","Annual","2019","2019",0.02,,
"FRA","France","40","Employment incentives","STOPCT","Participant stocks as a percentage of the labour force","A","Annual","2008","2008",1.63,,
"FRA","France","40","Employment incentives","STOPCT","Participant stocks as a percentage of the labour force","A","Annual","2009","2009",1.27,,
"FRA","France","40","Employment incentives","STOPCT","Participant stocks as a percentage of the labour force","A","Annual","2010","2010",1.23,,
"FRA","France","40","Employment incentives","STOPCT","Participant stocks as a percentage of the labour force","A","Annual","2011","2011",1.06,,
"FRA","France","40","Employment incentives","STOPCT","Participant stocks as a percentage of the labour force","A","Annual","2012","2012",1.04,,
"FRA","France","40","Employment incentives","STOPCT","Participant stocks as a percentage of the labour force","A","Annual","2013","2013",1.45,,
"FRA","France","40","Employment incentives","STOPCT","Participant stocks as a percentage of the labour force","A","Annual","2014","2014",1.79,,
"FRA","France","40","Employment incentives","STOPCT","Participant stocks as a percentage of the labour force","A","Annual","2015","2015",2,,
"FRA","France","40","Employment incentives","STOPCT","Participant stocks as a percentage of the labour force","A","Annual","2016","2016",1.98,,
"FRA","France","40","Employment incentives","STOPCT","Participant stocks as a percentage of the labour force","A","Annual","2017","2017",1.72,,
"FRA","France","40","Employment incentives","STOPCT","Participant stocks as a percentage of the labour force","A","Annual","2018","2018",1.19,,
"FRA","France","40","Employment incentives","STOPCT","Participant stocks as a percentage of the labour force","A","Annual","2019","2019",1.16,,
"FRA","France","60","Direct job creation","EXPPCT","Public expenditure as a percentage of GDP","A","Annual","2008","2008",0.15,,
"FRA","France","60","Direct job creation","EXPPCT","Public expenditure as a percentage of GDP","A","Annual","2009","2009",0.15,,
"FRA","France","60","Direct job creation","EXPPCT","Public expenditure as a percentage of GDP","A","Annual","2010","2010",0.2,,
"FRA","France","60","Direct job creation","EXPPCT","Public expenditure as a percentage of GDP","A","Annual","2011","2011",0.14,,
"FRA","France","60","Direct job creation","EXPPCT","Public expenditure as a percentage of GDP","A","Annual","2012","2012",0.13,,
"FRA","France","60","Direct job creation","EXPPCT","Public expenditure as a percentage of GDP","A","Annual","2013","2013",0.15,,
"FRA","France","60","Direct job creation","EXPPCT","Public expenditure as a percentage of GDP","A","Annual","2014","2014",0.2,,
"FRA","France","60","Direct job creation","EXPPCT","Public expenditure as a percentage of GDP","A","Annual","2015","2015",0.22,,
"FRA","France","60","Direct job creation","EXPPCT","Public expenditure as a percentage of GDP","A","Annual","2016","2016",0.22,,
"FRA","France","60","Direct job creation","EXPPCT","Public expenditure as a percentage of GDP","A","Annual","2017","2017",0.2,,
"FRA","France","60","Direct job creation","EXPPCT","Public expenditure as a percentage of GDP","A","Annual","2018","2018",0.11,,
"FRA","France","60","Direct job creation","EXPPCT","Public expenditure as a percentage of GDP","A","Annual","2019","2019",0.06,,
"FRA","France","60","Direct job creation","STOPCT","Participant stocks as a percentage of the labour force","A","Annual","2008","2008",0.83,,
"FRA","France","60","Direct job creation","STOPCT","Participant stocks as a percentage of the labour force","A","Annual","2009","2009",0.8,,
"FRA","France","60","Direct job creation","STOPCT","Participant stocks as a percentage of the labour force","A","Annual","2010","2010",1.01,,
"FRA","France","60","Direct job creation","STOPCT","Participant stocks as a percentage of the labour force","A","Annual","2011","2011",0.83,,
"FRA","France","60","Direct job creation","STOPCT","Participant stocks as a percentage of the labour force","A","Annual","2012","2012",0.82,,
"FRA","France","60","Direct job creation","STOPCT","Participant stocks as a percentage of the labour force","A","Annual","2013","2013",0.87,,
"FRA","France","60","Direct job creation","STOPCT","Participant stocks as a percentage of the labour force","A","Annual","2014","2014",1.15,,
"FRA","France","60","Direct job creation","STOPCT","Participant stocks as a percentage of the labour force","A","Annual","2015","2015",1.27,,
"FRA","France","60","Direct job creation","STOPCT","Participant stocks as a percentage of the labour force","A","Annual","2016","2016",1.31,,
"FRA","France","60","Direct job creation","STOPCT","Participant stocks as a percentage of the labour force","A","Annual","2017","2017",1.17,,
"FRA","France","60","Direct job creation","STOPCT","Participant stocks as a percentage of the labour force","A","Annual","2018","2018",0.7,,
"FRA","France","60","Direct job creation","STOPCT","Participant stocks as a percentage of the labour force","A","Annual","2019","2019",0.54,,
"FRA","France","70","Start-up incentives","EXPPCT","Public expenditure as a percentage of GDP","A","Annual","2008","2008",0.03,,
"FRA","France","70","Start-up incentives","EXPPCT","Public expenditure as a percentage of GDP","A","Annual","2009","2009",0.04,,
"FRA","France","70","Start-up incentives","EXPPCT","Public expenditure as a percentage of GDP","A","Annual","2010","2010",0.06,,
"FRA","France","70","Start-up incentives","EXPPCT","Public expenditure as a percentage of GDP","A","Annual","2011","2011",0.06,,
"FRA","France","70","Start-up incentives","EXPPCT","Public expenditure as a percentage of GDP","A","Annual","2012","2012",0.05,,
"FRA","France","70","Start-up incentives","EXPPCT","Public expenditure as a percentage of GDP","A","Annual","2013","2013",0.05,,
"FRA","France","70","Start-up incentives","EXPPCT","Public expenditure as a percentage of GDP","A","Annual","2014","2014",0.05,,
"FRA","France","70","Start-up incentives","EXPPCT","Public expenditure as a percentage of GDP","A","Annual","2015","2015",0.04,,
"FRA","France","70","Start-up incentives","EXPPCT","Public expenditure as a percentage of GDP","A","Annual","2016","2016",0.04,,
"FRA","France","70","Start-up incentives","EXPPCT","Public expenditure as a percentage of GDP","A","Annual","2017","2017",0.03,,
"FRA","France","70","Start-up incentives","EXPPCT","Public expenditure as a percentage of GDP","A","Annual","2018","2018",0.04,,
"FRA","France","70","Start-up incentives","EXPPCT","Public expenditure as a percentage of GDP","A","Annual","2019","2019",0.04,,
"FRA","France","70","Start-up incentives","STOPCT","Participant stocks as a percentage of the labour force","A","Annual","2008","2008",0.49,,
"FRA","France","70","Start-up incentives","STOPCT","Participant stocks as a percentage of the labour force","A","Annual","2009","2009",0.55,,
"FRA","France","70","Start-up incentives","STOPCT","Participant stocks as a percentage of the labour force","A","Annual","2010","2010",0.76,,
"FRA","France","70","Start-up incentives","STOPCT","Participant stocks as a percentage of the labour force","A","Annual","2011","2011",0.8,,
"FRA","France","70","Start-up incentives","STOPCT","Participant stocks as a percentage of the labour force","A","Annual","2012","2012",0.71,,
"FRA","France","70","Start-up incentives","STOPCT","Participant stocks as a percentage of the labour force","A","Annual","2013","2013",0.73,,
"FRA","France","70","Start-up incentives","STOPCT","Participant stocks as a percentage of the labour force","A","Annual","2014","2014",0.72,,
"FRA","France","70","Start-up incentives","STOPCT","Participant stocks as a percentage of the labour force","A","Annual","2015","2015",0.69,,
"FRA","France","70","Start-up incentives","STOPCT","Participant stocks as a percentage of the labour force","A","Annual","2016","2016",0.68,,
"FRA","France","70","Start-up incentives","STOPCT","Participant stocks as a percentage of the labour force","A","Annual","2017","2017",0.69,,
"FRA","France","70","Start-up incentives","STOPCT","Participant stocks as a percentage of the labour force","A","Annual","2018","2018",0.81,,
"FRA","France","70","Start-up incentives","STOPCT","Participant stocks as a percentage of the labour force","A","Annual","2019","2019",0.81,,
"FRA","France","90","Early retirement","EXPPCT","Public expenditure as a percentage of GDP","A","Annual","2008","2008",0.03,,
"FRA","France","90","Early retirement","EXPPCT","Public expenditure as a percentage of GDP","A","Annual","2009","2009",0.02,,
"FRA","France","90","Early retirement","EXPPCT","Public expenditure as a percentage of GDP","A","Annual","2010","2010",0.01,,
"FRA","France","90","Early retirement","EXPPCT","Public expenditure as a percentage of GDP","A","Annual","2011","2011",0.01,,
"FRA","France","90","Early retirement","EXPPCT","Public expenditure as a percentage of GDP","A","Annual","2012","2012",0.01,,
"FRA","France","90","Early retirement","EXPPCT","Public expenditure as a percentage of GDP","A","Annual","2013","2013",0,"n","Nil or less than 0.005"
"FRA","France","90","Early retirement","EXPPCT","Public expenditure as a percentage of GDP","A","Annual","2014","2014",0,"n","Nil or less than 0.005"
"FRA","France","90","Early retirement","EXPPCT","Public expenditure as a percentage of GDP","A","Annual","2015","2015",0,"n","Nil or less than 0.005"
"FRA","France","90","Early retirement","EXPPCT","Public expenditure as a percentage of GDP","A","Annual","2016","2016",0,"n","Nil or less than 0.005"
"FRA","France","90","Early retirement","EXPPCT","Public expenditure as a percentage of GDP","A","Annual","2017","2017",0,"n","Nil or less than 0.005"
"FRA","France","90","Early retirement","EXPPCT","Public expenditure as a percentage of GDP","A","Annual","2018","2018",0,"n","Nil or less than 0.005"
"FRA","France","90","Early retirement","EXPPCT","Public expenditure as a percentage of GDP","A","Annual","2019","2019",0,"n","Nil or less than 0.005"
"FRA","France","90","Early retirement","STOPCT","Participant stocks as a percentage of the labour force","A","Annual","2008","2008",0.14,,
"FRA","France","90","Early retirement","STOPCT","Participant stocks as a percentage of the labour force","A","Annual","2009","2009",0.08,,
"FRA","France","90","Early retirement","STOPCT","Participant stocks as a percentage of the labour force","A","Annual","2010","2010",0.05,,
"FRA","France","90","Early retirement","STOPCT","Participant stocks as a percentage of the labour force","A","Annual","2011","2011",0.03,,
"FRA","France","90","Early retirement","STOPCT","Participant stocks as a percentage of the labour force","A","Annual","2012","2012",0.02,,
"FRA","France","90","Early retirement","STOPCT","Participant stocks as a percentage of the labour force","A","Annual","2013","2013",0.01,,
"FRA","France","90","Early retirement","STOPCT","Participant stocks as a percentage of the labour force","A","Annual","2014","2014",0.01,,
"FRA","France","90","Early retirement","STOPCT","Participant stocks as a percentage of the labour force","A","Annual","2015","2015",0.01,,
"FRA","France","90","Early retirement","STOPCT","Participant stocks as a percentage of the labour force","A","Annual","2016","2016",0,"n","Nil or less than 0.005"
"FRA","France","90","Early retirement","STOPCT","Participant stocks as a percentage of the labour force","A","Annual","2017","2017",0,"n","Nil or less than 0.005"
"FRA","France","90","Early retirement","STOPCT","Participant stocks as a percentage of the labour force","A","Annual","2018","2018",0,"n","Nil or less than 0.005"
"FRA","France","90","Early retirement","STOPCT","Participant stocks as a percentage of the labour force","A","Annual","2019","2019",0,"n","Nil or less than 0.005"
"FRA","France","11","Placement and related services","EXPPCT","Public expenditure as a percentage of GDP","A","Annual","2008","2008",0.15,,
"FRA","France","11","Placement and related services","EXPPCT","Public expenditure as a percentage of GDP","A","Annual","2009","2009",0.1,,
"FRA","France","11","Placement and related services","EXPPCT","Public expenditure as a percentage of GDP","A","Annual","2010","2010",0.12,,
"FRA","France","11","Placement and related services","EXPPCT","Public expenditure as a percentage of GDP","A","Annual","2011","2011",0.05,,
"FRA","France","11","Placement and related services","EXPPCT","Public expenditure as a percentage of GDP","A","Annual","2012","2012",0.06,,
"FRA","France","11","Placement and related services","EXPPCT","Public expenditure as a percentage of GDP","A","Annual","2013","2013",0.06,,
"FRA","France","11","Placement and related services","EXPPCT","Public expenditure as a percentage of GDP","A","Annual","2014","2014",0.06,,
"FRA","France","11","Placement and related services","EXPPCT","Public expenditure as a percentage of GDP","A","Annual","2015","2015",0.06,,
"FRA","France","11","Placement and related services","EXPPCT","Public expenditure as a percentage of GDP","A","Annual","2016","2016",0.05,,
"FRA","France","11","Placement and related services","EXPPCT","Public expenditure as a percentage of GDP","A","Annual","2017","2017",0.05,,
"FRA","France","11","Placement and related services","EXPPCT","Public expenditure as a percentage of GDP","A","Annual","2018","2018",0.04,,
"FRA","France","11","Placement and related services","EXPPCT","Public expenditure as a percentage of GDP","A","Annual","2019","2019",0.04,,
"FRA","France","12","Benefit administration","EXPPCT","Public expenditure as a percentage of GDP","A","Annual","2008","2008",0.05,,
"FRA","France","81","Full unemployment benefits","EXPPCT","Public expenditure as a percentage of GDP","A","Annual","2008","2008",1.51,,
"FRA","France","81","Full unemployment benefits","EXPPCT","Public expenditure as a percentage of GDP","A","Annual","2009","2009",1.86,,
"FRA","France","81","Full unemployment benefits","EXPPCT","Public expenditure as a percentage of GDP","A","Annual","2010","2010",1.92,,
"FRA","France","81","Full unemployment benefits","EXPPCT","Public expenditure as a percentage of GDP","A","Annual","2011","2011",1.86,,
"FRA","France","81","Full unemployment benefits","EXPPCT","Public expenditure as a percentage of GDP","A","Annual","2012","2012",1.95,,
"FRA","France","81","Full unemployment benefits","EXPPCT","Public expenditure as a percentage of GDP","A","Annual","2013","2013",2.04,,
"FRA","France","81","Full unemployment benefits","EXPPCT","Public expenditure as a percentage of GDP","A","Annual","2014","2014",2.07,,
"FRA","France","81","Full unemployment benefits","EXPPCT","Public expenditure as a percentage of GDP","A","Annual","2015","2015",2.03,,
"FRA","France","81","Full unemployment benefits","EXPPCT","Public expenditure as a percentage of GDP","A","Annual","2016","2016",2.02,,
"FRA","France","81","Full unemployment benefits","EXPPCT","Public expenditure as a percentage of GDP","A","Annual","2017","2017",1.95,,
"FRA","France","81","Full unemployment benefits","EXPPCT","Public expenditure as a percentage of GDP","A","Annual","2018","2018",1.9,,
"FRA","France","81","Full unemployment benefits","EXPPCT","Public expenditure as a percentage of GDP","A","Annual","2019","2019",1.87,,
"FRA","France","81","Full unemployment benefits","STOPCT","Participant stocks as a percentage of the labour force","A","Annual","2008","2008",9.37,,
"FRA","France","81","Full unemployment benefits","STOPCT","Participant stocks as a percentage of the labour force","A","Annual","2009","2009",10.23,,
"FRA","France","81","Full unemployment benefits","STOPCT","Participant stocks as a percentage of the labour force","A","Annual","2010","2010",11.13,,
"FRA","France","81","Full unemployment benefits","STOPCT","Participant stocks as a percentage of the labour force","A","Annual","2011","2011",11.27,,
"FRA","France","81","Full unemployment benefits","STOPCT","Participant stocks as a percentage of the labour force","A","Annual","2012","2012",11.69,,
"FRA","France","81","Full unemployment benefits","STOPCT","Participant stocks as a percentage of the labour force","A","Annual","2013","2013",12.24,,
"FRA","France","81","Full unemployment benefits","STOPCT","Participant stocks as a percentage of the labour force","A","Annual","2014","2014",12.7,,
"FRA","France","81","Full unemployment benefits","STOPCT","Participant stocks as a percentage of the labour force","A","Annual","2015","2015",13.25,,
"FRA","France","81","Full unemployment benefits","STOPCT","Participant stocks as a percentage of the labour force","A","Annual","2016","2016",13.46,,
"FRA","France","81","Full unemployment benefits","STOPCT","Participant stocks as a percentage of the labour force","A","Annual","2017","2017",13.55,,
"FRA","France","81","Full unemployment benefits","STOPCT","Participant stocks as a percentage of the labour force","A","Annual","2018","2018",13.56,,
"FRA","France","81","Full unemployment benefits","STOPCT","Participant stocks as a percentage of the labour force","A","Annual","2019","2019",13.44,,
"ITA","Italy","20","Training","EXPPCT","Public expenditure as a percentage of GDP","A","Annual","2008","2008",0.18,,
"ITA","Italy","20","Training","EXPPCT","Public expenditure as a percentage of GDP","A","Annual","2009","2009",0.17,,
"ITA","Italy","20","Training","EXPPCT","Public expenditure as a percentage of GDP","A","Annual","2010","2010",0.15,,
"ITA","Italy","20","Training","EXPPCT","Public expenditure as a percentage of GDP","A","Annual","2011","2011",0.13,,
"ITA","Italy","20","Training","EXPPCT","Public expenditure as a percentage of GDP","A","Annual","2012","2012",0.14,,
"ITA","Italy","20","Training","EXPPCT","Public expenditure as a percentage of GDP","A","Annual","2013","2013",0.15,,
"ITA","Italy","20","Training","EXPPCT","Public expenditure as a percentage of GDP","A","Annual","2014","2014",0.14,,
"ITA","Italy","20","Training","EXPPCT","Public expenditure as a percentage of GDP","A","Annual","2015","2015",0.16,,
"ITA","Italy","20","Training","EXPPCT","Public expenditure as a percentage of GDP","A","Annual","2018","2018",0.11,,
"ITA","Italy","20","Training","EXPPCT","Public expenditure as a percentage of GDP","A","Annual","2019","2019",0.13,,
"ITA","Italy","20","Training","STOPCT","Participant stocks as a percentage of the labour force","A","Annual","2008","2008",3.43,,
"ITA","Italy","20","Training","STOPCT","Participant stocks as a percentage of the labour force","A","Annual","2009","2009",4.42,,
"ITA","Italy","20","Training","STOPCT","Participant stocks as a percentage of the labour force","A","Annual","2010","2010",3.18,,
"ITA","Italy","20","Training","STOPCT","Participant stocks as a percentage of the labour force","A","Annual","2011","2011",2.94,,
"ITA","Italy","20","Training","STOPCT","Participant stocks as a percentage of the labour force","A","Annual","2012","2012",2.68,,
"ITA","Italy","20","Training","STOPCT","Participant stocks as a percentage of the labour force","A","Annual","2013","2013",2.59,,
"ITA","Italy","20","Training","STOPCT","Participant stocks as a percentage of the labour force","A","Annual","2014","2014",2.47,,
"ITA","Italy","20","Training","STOPCT","Participant stocks as a percentage of the labour force","A","Annual","2017","2017",2.38,,
"ITA","Italy","20","Training","STOPCT","Participant stocks as a percentage of the labour force","A","Annual","2018","2018",2.58,,
"ITA","Italy","20","Training","STOPCT","Participant stocks as a percentage of the labour force","A","Annual","2019","2019",2.88,,
"ITA","Italy","40","Employment incentives","EXPPCT","Public expenditure as a percentage of GDP","A","Annual","2008","2008",0.15,,
"ITA","Italy","40","Employment incentives","EXPPCT","Public expenditure as a percentage of GDP","A","Annual","2009","2009",0.15,,
"ITA","Italy","40","Employment incentives","EXPPCT","Public expenditure as a percentage of GDP","A","Annual","2010","2010",0.14,,
"ITA","Italy","40","Employment incentives","EXPPCT","Public expenditure as a percentage of GDP","A","Annual","2011","2011",0.14,,
"ITA","Italy","40","Employment incentives","EXPPCT","Public expenditure as a percentage of GDP","A","Annual","2012","2012",0.17,,
"ITA","Italy","40","Employment incentives","EXPPCT","Public expenditure as a percentage of GDP","A","Annual","2013","2013",0.16,,
"ITA","Italy","40","Employment incentives","EXPPCT","Public expenditure as a percentage of GDP","A","Annual","2014","2014",0.13,,
"ITA","Italy","40","Employment incentives","EXPPCT","Public expenditure as a percentage of GDP","A","Annual","2015","2015",0.22,,
"ITA","Italy","40","Employment incentives","EXPPCT","Public expenditure as a percentage of GDP","A","Annual","2016","2016",0.46,,
"ITA","Italy","40","Employment incentives","EXPPCT","Public expenditure as a percentage of GDP","A","Annual","2017","2017",0.43,,
"ITA","Italy","40","Employment incentives","EXPPCT","Public expenditure as a percentage of GDP","A","Annual","2018","2018",0.24,,
"ITA","Italy","40","Employment incentives","EXPPCT","Public expenditure as a percentage of GDP","A","Annual","2019","2019",0.07,,
"ITA","Italy","40","Employment incentives","STOPCT","Participant stocks as a percentage of the labour force","A","Annual","2008","2008",2.5,,
"ITA","Italy","40","Employment incentives","STOPCT","Participant stocks as a percentage of the labour force","A","Annual","2009","2009",2.38,,
"ITA","Italy","40","Employment incentives","STOPCT","Participant stocks as a percentage of the labour force","A","Annual","2010","2010",2.4,,
"ITA","Italy","40","Employment incentives","STOPCT","Participant stocks as a percentage of the labour force","A","Annual","2011","2011",2.47,,
"ITA","Italy","40","Employment incentives","STOPCT","Participant stocks as a percentage of the labour force","A","Annual","2012","2012",2.37,,
"ITA","Italy","40","Employment incentives","STOPCT","Participant stocks as a percentage of the labour force","A","Annual","2013","2013",1.97,,
"ITA","Italy","40","Employment incentives","STOPCT","Participant stocks as a percentage of the labour force","A","Annual","2014","2014",1.87,,
"ITA","Italy","40","Employment incentives","STOPCT","Participant stocks as a percentage of the labour force","A","Annual","2015","2015",4.1,,
"ITA","Italy","40","Employment incentives","STOPCT","Participant stocks as a percentage of the labour force","A","Annual","2016","2016",7.02,,
"ITA","Italy","40","Employment incentives","STOPCT","Participant stocks as a percentage of the labour force","A","Annual","2017","2017",6.77,,
"ITA","Italy","40","Employment incentives","STOPCT","Participant stocks as a percentage of the labour force","A","Annual","2018","2018",4.24,,
"ITA","Italy","40","Employment incentives","STOPCT","Participant stocks as a percentage of the labour force","A","Annual","2019","2019",1.7,,
"ITA","Italy","60","Direct job creation","EXPPCT","Public expenditure as a percentage of GDP","A","Annual","2008","2008",0.01,,
"ITA","Italy","60","Direct job creation","EXPPCT","Public expenditure as a percentage of GDP","A","Annual","2009","2009",0.01,,
"ITA","Italy","60","Direct job creation","EXPPCT","Public expenditure as a percentage of GDP","A","Annual","2010","2010",0.01,,
"ITA","Italy","60","Direct job creation","EXPPCT","Public expenditure as a percentage of GDP","A","Annual","2011","2011",0.01,,
"ITA","Italy","60","Direct job creation","EXPPCT","Public expenditure as a percentage of GDP","A","Annual","2012","2012",0,"n","Nil or less than 0.005"
"ITA","Italy","60","Direct job creation","EXPPCT","Public expenditure as a percentage of GDP","A","Annual","2013","2013",0,"n","Nil or less than 0.005"
"ITA","Italy","60","Direct job creation","EXPPCT","Public expenditure as a percentage of GDP","A","Annual","2014","2014",0,"n","Nil or less than 0.005"
"ITA","Italy","60","Direct job creation","EXPPCT","Public expenditure as a percentage of GDP","A","Annual","2015","2015",0.01,,
"ITA","Italy","60","Direct job creation","EXPPCT","Public expenditure as a percentage of GDP","A","Annual","2018","2018",0,"n","Nil or less than 0.005"
"ITA","Italy","60","Direct job creation","EXPPCT","Public expenditure as a percentage of GDP","A","Annual","2019","2019",0,"n","Nil or less than 0.005"
"ITA","Italy","60","Direct job creation","STOPCT","Participant stocks as a percentage of the labour force","A","Annual","2008","2008",0.09,,
"ITA","Italy","60","Direct job creation","STOPCT","Participant stocks as a percentage of the labour force","A","Annual","2009","2009",0.08,,
"ITA","Italy","60","Direct job creation","STOPCT","Participant stocks as a percentage of the labour force","A","Annual","2010","2010",0.08,,
"ITA","Italy","60","Direct job creation","STOPCT","Participant stocks as a percentage of the labour force","A","Annual","2011","2011",0.07,,
"ITA","Italy","60","Direct job creation","STOPCT","Participant stocks as a percentage of the labour force","A","Annual","2012","2012",0.06,,
"ITA","Italy","60","Direct job creation","STOPCT","Participant stocks as a percentage of the labour force","A","Annual","2013","2013",0.06,,
"ITA","Italy","60","Direct job creation","STOPCT","Participant stocks as a percentage of the labour force","A","Annual","2014","2014",0.06,,
"ITA","Italy","60","Direct job creation","STOPCT","Participant stocks as a percentage of the labour force","A","Annual","2016","2016",0.05,,
"ITA","Italy","60","Direct job creation","STOPCT","Participant stocks as a percentage of the labour force","A","Annual","2017","2017",0.04,,
"ITA","Italy","60","Direct job creation","STOPCT","Participant stocks as a percentage of the labour force","A","Annual","2018","2018",0.04,,
"ITA","Italy","60","Direct job creation","STOPCT","Participant stocks as a percentage of the labour force","A","Annual","2019","2019",0.02,,
"ITA","Italy","70","Start-up incentives","EXPPCT","Public expenditure as a percentage of GDP","A","Annual","2008","2008",0.02,,
"ITA","Italy","70","Start-up incentives","EXPPCT","Public expenditure as a percentage of GDP","A","Annual","2009","2009",0.02,,
"ITA","Italy","70","Start-up incentives","EXPPCT","Public expenditure as a percentage of GDP","A","Annual","2010","2010",0.02,,
"ITA","Italy","70","Start-up incentives","EXPPCT","Public expenditure as a percentage of GDP","A","Annual","2011","2011",0.01,,
"ITA","Italy","70","Start-up incentives","EXPPCT","Public expenditure as a percentage of GDP","A","Annual","2012","2012",0.01,,
"ITA","Italy","70","Start-up incentives","EXPPCT","Public expenditure as a percentage of GDP","A","Annual","2013","2013",0.01,,
"ITA","Italy","70","Start-up incentives","EXPPCT","Public expenditure as a percentage of GDP","A","Annual","2014","2014",0.01,,
"ITA","Italy","70","Start-up incentives","EXPPCT","Public expenditure as a percentage of GDP","A","Annual","2015","2015",0.02,,
"ITA","Italy","70","Start-up incentives","EXPPCT","Public expenditure as a percentage of GDP","A","Annual","2018","2018",0,"n","Nil or less than 0.005"
"ITA","Italy","70","Start-up incentives","EXPPCT","Public expenditure as a percentage of GDP","A","Annual","2019","2019",0,"n","Nil or less than 0.005"
"ITA","Italy","70","Start-up incentives","STOPCT","Participant stocks as a percentage of the labour force","A","Annual","2008","2008",0,"n","Nil or less than 0.005"
"ITA","Italy","70","Start-up incentives","STOPCT","Participant stocks as a percentage of the labour force","A","Annual","2009","2009",0,"n","Nil or less than 0.005"
"ITA","Italy","70","Start-up incentives","STOPCT","Participant stocks as a percentage of the labour force","A","Annual","2010","2010",0,"n","Nil or less than 0.005"
"ITA","Italy","70","Start-up incentives","STOPCT","Participant stocks as a percentage of the labour force","A","Annual","2011","2011",0,"n","Nil or less than 0.005"
"ITA","Italy","70","Start-up incentives","STOPCT","Participant stocks as a percentage of the labour force","A","Annual","2012","2012",0,"n","Nil or less than 0.005"
"ITA","Italy","70","Start-up incentives","STOPCT","Participant stocks as a percentage of the labour force","A","Annual","2013","2013",0,"n","Nil or less than 0.005"
"ITA","Italy","70","Start-up incentives","STOPCT","Participant stocks as a percentage of the labour force","A","Annual","2014","2014",0,"n","Nil or less than 0.005"
"ITA","Italy","70","Start-up incentives","STOPCT","Participant stocks as a percentage of the labour force","A","Annual","2016","2016",0,"n","Nil or less than 0.005"
"ITA","Italy","70","Start-up incentives","STOPCT","Participant stocks as a percentage of the labour force","A","Annual","2017","2017",0,"n","Nil or less than 0.005"
"ITA","Italy","70","Start-up incentives","STOPCT","Participant stocks as a percentage of the labour force","A","Annual","2018","2018",0,"n","Nil or less than 0.005"
"ITA","Italy","70","Start-up incentives","STOPCT","Participant stocks as a percentage of the labour force","A","Annual","2019","2019",0,"n","Nil or less than 0.005"
"ITA","Italy","90","Early retirement","EXPPCT","Public expenditure as a percentage of GDP","A","Annual","2008","2008",0.01,,
"ITA","Italy","90","Early retirement","EXPPCT","Public expenditure as a percentage of GDP","A","Annual","2009","2009",0.01,,
"ITA","Italy","90","Early retirement","EXPPCT","Public expenditure as a percentage of GDP","A","Annual","2010","2010",0.01,,
"ITA","Italy","90","Early retirement","EXPPCT","Public expenditure as a percentage of GDP","A","Annual","2011","2011",0.01,,
"ITA","Italy","90","Early retirement","EXPPCT","Public expenditure as a percentage of GDP","A","Annual","2012","2012",0.01,,
"ITA","Italy","90","Early retirement","EXPPCT","Public expenditure as a percentage of GDP","A","Annual","2013","2013",0.01,,
"ITA","Italy","90","Early retirement","EXPPCT","Public expenditure as a percentage of GDP","A","Annual","2014","2014",0.01,,
"ITA","Italy","90","Early retirement","EXPPCT","Public expenditure as a percentage of GDP","A","Annual","2015","2015",0.01,,
"ITA","Italy","90","Early retirement","EXPPCT","Public expenditure as a percentage of GDP","A","Annual","2016","2016",0.01,,
"ITA","Italy","90","Early retirement","EXPPCT","Public expenditure as a percentage of GDP","A","Annual","2017","2017",0.01,,
"ITA","Italy","90","Early retirement","EXPPCT","Public expenditure as a percentage of GDP","A","Annual","2018","2018",0.01,,
"ITA","Italy","90","Early retirement","EXPPCT","Public expenditure as a percentage of GDP","A","Annual","2019","2019",0.01,,
"ITA","Italy","90","Early retirement","STOPCT","Participant stocks as a percentage of the labour force","A","Annual","2008","2008",0.02,,
"ITA","Italy","90","Early retirement","STOPCT","Participant stocks as a percentage of the labour force","A","Annual","2009","2009",0.01,,
"ITA","Italy","90","Early retirement","STOPCT","Participant stocks as a percentage of the labour force","A","Annual","2010","2010",0.02,,
"ITA","Italy","90","Early retirement","STOPCT","Participant stocks as a percentage of the labour force","A","Annual","2011","2011",0.02,,
"ITA","Italy","90","Early retirement","STOPCT","Participant stocks as a percentage of the labour force","A","Annual","2012","2012",0.02,,
"ITA","Italy","90","Early retirement","STOPCT","Participant stocks as a percentage of the labour force","A","Annual","2013","2013",0.02,,
"ITA","Italy","90","Early retirement","STOPCT","Participant stocks as a percentage of the labour force","A","Annual","2014","2014",0.02,,
"ITA","Italy","90","Early retirement","STOPCT","Participant stocks as a percentage of the labour force","A","Annual","2015","2015",0.02,,
"ITA","Italy","90","Early retirement","STOPCT","Participant stocks as a percentage of the labour force","A","Annual","2016","2016",0.02,,
"ITA","Italy","90","Early retirement","STOPCT","Participant stocks as a percentage of the labour force","A","Annual","2017","2017",0.02,,
"ITA","Italy","90","Early retirement","STOPCT","Participant stocks as a percentage of the labour force","A","Annual","2018","2018",0.02,,
"ITA","Italy","90","Early retirement","STOPCT","Participant stocks as a percentage of the labour force","A","Annual","2019","2019",0.02,,
"ITA","Italy","11","Placement and related services","EXPPCT","Public expenditure as a percentage of GDP","A","Annual","2008","2008",0.01,,
"ITA","Italy","11","Placement and related services","EXPPCT","Public expenditure as a percentage of GDP","A","Annual","2009","2009",0.01,,
"ITA","Italy","11","Placement and related services","EXPPCT","Public expenditure as a percentage of GDP","A","Annual","2010","2010",0,"n","Nil or less than 0.005"
"ITA","Italy","11","Placement and related services","EXPPCT","Public expenditure as a percentage of GDP","A","Annual","2011","2011",0.01,,
"ITA","Italy","11","Placement and related services","EXPPCT","Public expenditure as a percentage of GDP","A","Annual","2012","2012",0.01,,
"ITA","Italy","11","Placement and related services","EXPPCT","Public expenditure as a percentage of GDP","A","Annual","2013","2013",0.01,,
"ITA","Italy","11","Placement and related services","EXPPCT","Public expenditure as a percentage of GDP","A","Annual","2014","2014",0,"n","Nil or less than 0.005"
"ITA","Italy","11","Placement and related services","EXPPCT","Public expenditure as a percentage of GDP","A","Annual","2015","2015",0.01,,
"ITA","Italy","11","Placement and related services","EXPPCT","Public expenditure as a percentage of GDP","A","Annual","2018","2018",0,"n","Nil or less than 0.005"
"ITA","Italy","11","Placement and related services","EXPPCT","Public expenditure as a percentage of GDP","A","Annual","2019","2019",0,"n","Nil or less than 0.005"
"ITA","Italy","12","Benefit administration","EXPPCT","Public expenditure as a percentage of GDP","A","Annual","2008","2008",0.04,,
"ITA","Italy","12","Benefit administration","EXPPCT","Public expenditure as a percentage of GDP","A","Annual","2009","2009",0.07,,
"ITA","Italy","12","Benefit administration","EXPPCT","Public expenditure as a percentage of GDP","A","Annual","2010","2010",0.08,,
"ITA","Italy","12","Benefit administration","EXPPCT","Public expenditure as a percentage of GDP","A","Annual","2011","2011",0.07,,
"ITA","Italy","12","Benefit administration","EXPPCT","Public expenditure as a percentage of GDP","A","Annual","2012","2012",0.09,,
"ITA","Italy","12","Benefit administration","EXPPCT","Public expenditure as a percentage of GDP","A","Annual","2013","2013",0.06,,
"ITA","Italy","12","Benefit administration","EXPPCT","Public expenditure as a percentage of GDP","A","Annual","2014","2014",0.06,,
"ITA","Italy","12","Benefit administration","EXPPCT","Public expenditure as a percentage of GDP","A","Annual","2015","2015",0.05,,
"ITA","Italy","12","Benefit administration","EXPPCT","Public expenditure as a percentage of GDP","A","Annual","2016","2016",0.05,,
"ITA","Italy","12","Benefit administration","EXPPCT","Public expenditure as a percentage of GDP","A","Annual","2017","2017",0.04,,
"ITA","Italy","12","Benefit administration","EXPPCT","Public expenditure as a percentage of GDP","A","Annual","2018","2018",0.04,,
"ITA","Italy","12","Benefit administration","EXPPCT","Public expenditure as a percentage of GDP","A","Annual","2019","2019",0.05,,
"ITA","Italy","81","Full unemployment benefits","EXPPCT","Public expenditure as a percentage of GDP","A","Annual","2008","2008",0.6,,
"ITA","Italy","81","Full unemployment benefits","EXPPCT","Public expenditure as a percentage of GDP","A","Annual","2009","2009",0.92,,
"ITA","Italy","81","Full unemployment benefits","EXPPCT","Public expenditure as a percentage of GDP","A","Annual","2010","2010",0.94,,
"ITA","Italy","81","Full unemployment benefits","EXPPCT","Public expenditure as a percentage of GDP","A","Annual","2011","2011",0.93,,
"ITA","Italy","81","Full unemployment benefits","EXPPCT","Public expenditure as a percentage of GDP","A","Annual","2012","2012",1.1,,
"ITA","Italy","81","Full unemployment benefits","EXPPCT","Public expenditure as a percentage of GDP","A","Annual","2013","2013",1.08,,
"ITA","Italy","81","Full unemployment benefits","EXPPCT","Public expenditure as a percentage of GDP","A","Annual","2014","2014",1.14,,
"ITA","Italy","81","Full unemployment benefits","EXPPCT","Public expenditure as a percentage of GDP","A","Annual","2015","2015",0.99,,
"ITA","Italy","81","Full unemployment benefits","EXPPCT","Public expenditure as a percentage of GDP","A","Annual","2016","2016",1.09,,
"ITA","Italy","81","Full unemployment benefits","EXPPCT","Public expenditure as a percentage of GDP","A","Annual","2017","2017",1.07,,
"ITA","Italy","81","Full unemployment benefits","EXPPCT","Public expenditure as a percentage of GDP","A","Annual","2018","2018",1.05,,
"ITA","Italy","81","Full unemployment benefits","EXPPCT","Public expenditure as a percentage of GDP","A","Annual","2019","2019",1.2,,
"ITA","Italy","81","Full unemployment benefits","STOPCT","Participant stocks as a percentage of the labour force","A","Annual","2008","2008",2.62,,
"ITA","Italy","81","Full unemployment benefits","STOPCT","Participant stocks as a percentage of the labour force","A","Annual","2009","2009",3.5,,
"ITA","Italy","81","Full unemployment benefits","STOPCT","Participant stocks as a percentage of the labour force","A","Annual","2010","2010",3.56,,
"ITA","Italy","81","Full unemployment benefits","STOPCT","Participant stocks as a percentage of the labour force","A","Annual","2011","2011",3.7,,
"ITA","Italy","81","Full unemployment benefits","STOPCT","Participant stocks as a percentage of the labour force","A","Annual","2012","2012",4.12,,
"ITA","Italy","81","Full unemployment benefits","STOPCT","Participant stocks as a percentage of the labour force","A","Annual","2013","2013",4.17,,
"ITA","Italy","81","Full unemployment benefits","STOPCT","Participant stocks as a percentage of the labour force","A","Annual","2014","2014",4.46,,
"ITA","Italy","81","Full unemployment benefits","STOPCT","Participant stocks as a percentage of the labour force","A","Annual","2015","2015",4.63,,
"ITA","Italy","81","Full unemployment benefits","STOPCT","Participant stocks as a percentage of the labour force","A","Annual","2016","2016",5.03,,
"ITA","Italy","81","Full unemployment benefits","STOPCT","Participant stocks as a percentage of the labour force","A","Annual","2017","2017",5.18,,
"ITA","Italy","81","Full unemployment benefits","STOPCT","Participant stocks as a percentage of the labour force","A","Annual","2018","2018",5.16,,
"ITA","Italy","81","Full unemployment benefits","STOPCT","Participant stocks as a percentage of the labour force","A","Annual","2019","2019",8.98,,
"NLD","Netherlands","20","Training","EXPPCT","Public expenditure as a percentage of GDP","A","Annual","2008","2008",0.09,,
"NLD","Netherlands","20","Training","EXPPCT","Public expenditure as a percentage of GDP","A","Annual","2009","2009",0.12,,
"NLD","Netherlands","20","Training","EXPPCT","Public expenditure as a percentage of GDP","A","Annual","2010","2010",0.13,,
"NLD","Netherlands","20","Training","EXPPCT","Public expenditure as a percentage of GDP","A","Annual","2011","2011",0.12,,
"NLD","Netherlands","20","Training","EXPPCT","Public expenditure as a percentage of GDP","A","Annual","2012","2012",0.1,,
"NLD","Netherlands","20","Training","EXPPCT","Public expenditure as a percentage of GDP","A","Annual","2013","2013",0.09,,
"NLD","Netherlands","20","Training","EXPPCT","Public expenditure as a percentage of GDP","A","Annual","2014","2014",0.07,,
"NLD","Netherlands","20","Training","EXPPCT","Public expenditure as a percentage of GDP","A","Annual","2015","2015",0.07,,
"NLD","Netherlands","20","Training","EXPPCT","Public expenditure as a percentage of GDP","A","Annual","2016","2016",0.07,,
"NLD","Netherlands","20","Training","EXPPCT","Public expenditure as a percentage of GDP","A","Annual","2017","2017",0.07,,
"NLD","Netherlands","20","Training","EXPPCT","Public expenditure as a percentage of GDP","A","Annual","2018","2018",0.06,,
"NLD","Netherlands","20","Training","EXPPCT","Public expenditure as a percentage of GDP","A","Annual","2019","2019",0.06,,
"NLD","Netherlands","20","Training","STOPCT","Participant stocks as a percentage of the labour force","A","Annual","2008","2008",1.57,,
"NLD","Netherlands","20","Training","STOPCT","Participant stocks as a percentage of the labour force","A","Annual","2009","2009",1.96,,
"NLD","Netherlands","20","Training","STOPCT","Participant stocks as a percentage of the labour force","A","Annual","2010","2010",2.12,,
"NLD","Netherlands","20","Training","STOPCT","Participant stocks as a percentage of the labour force","A","Annual","2011","2011",1.99,,
"NLD","Netherlands","20","Training","STOPCT","Participant stocks as a percentage of the labour force","A","Annual","2012","2012",1.77,,
"NLD","Netherlands","20","Training","STOPCT","Participant stocks as a percentage of the labour force","A","Annual","2013","2013",1.56,,
"NLD","Netherlands","20","Training","STOPCT","Participant stocks as a percentage of the labour force","A","Annual","2014","2014",1.43,,
"NLD","Netherlands","20","Training","STOPCT","Participant stocks as a percentage of the labour force","A","Annual","2015","2015",1.44,,
"NLD","Netherlands","20","Training","STOPCT","Participant stocks as a percentage of the labour force","A","Annual","2016","2016",1.49,,
"NLD","Netherlands","20","Training","STOPCT","Participant stocks as a percentage of the labour force","A","Annual","2017","2017",1.53,,
"NLD","Netherlands","20","Training","STOPCT","Participant stocks as a percentage of the labour force","A","Annual","2018","2018",1.37,,
"NLD","Netherlands","20","Training","STOPCT","Participant stocks as a percentage of the labour force","A","Annual","2019","2019",1.26,,
"NLD","Netherlands","40","Employment incentives","EXPPCT","Public expenditure as a percentage of GDP","A","Annual","2008","2008",0,"n","Nil or less than 0.005"
"NLD","Netherlands","40","Employment incentives","EXPPCT","Public expenditure as a percentage of GDP","A","Annual","2009","2009",0.01,,
"NLD","Netherlands","40","Employment incentives","EXPPCT","Public expenditure as a percentage of GDP","A","Annual","2010","2010",0.02,,
"NLD","Netherlands","40","Employment incentives","EXPPCT","Public expenditure as a percentage of GDP","A","Annual","2011","2011",0.03,,
"NLD","Netherlands","40","Employment incentives","EXPPCT","Public expenditure as a percentage of GDP","A","Annual","2012","2012",0.03,,
"NLD","Netherlands","40","Employment incentives","EXPPCT","Public expenditure as a percentage of GDP","A","Annual","2013","2013",0.04,,
"NLD","Netherlands","40","Employment incentives","EXPPCT","Public expenditure as a percentage of GDP","A","Annual","2014","2014",0.04,,
"NLD","Netherlands","40","Employment incentives","EXPPCT","Public expenditure as a percentage of GDP","A","Annual","2015","2015",0.05,,
"NLD","Netherlands","40","Employment incentives","EXPPCT","Public expenditure as a percentage of GDP","A","Annual","2016","2016",0.04,,
"NLD","Netherlands","40","Employment incentives","EXPPCT","Public expenditure as a percentage of GDP","A","Annual","2017","2017",0.04,,
"NLD","Netherlands","40","Employment incentives","EXPPCT","Public expenditure as a percentage of GDP","A","Annual","2018","2018",0.02,,
"NLD","Netherlands","40","Employment incentives","EXPPCT","Public expenditure as a percentage of GDP","A","Annual","2019","2019",0.02,,
"NLD","Netherlands","40","Employment incentives","STOPCT","Participant stocks as a percentage of the labour force","A","Annual","2008","2008",0,"n","Nil or less than 0.005"
"NLD","Netherlands","40","Employment incentives","STOPCT","Participant stocks as a percentage of the labour force","A","Annual","2009","2009",0.4,,
"NLD","Netherlands","40","Employment incentives","STOPCT","Participant stocks as a percentage of the labour force","A","Annual","2010","2010",0.48,,
"NLD","Netherlands","40","Employment incentives","STOPCT","Participant stocks as a percentage of the labour force","A","Annual","2011","2011",0.61,,
"NLD","Netherlands","40","Employment incentives","STOPCT","Participant stocks as a percentage of the labour force","A","Annual","2012","2012",0.71,,
"NLD","Netherlands","40","Employment incentives","STOPCT","Participant stocks as a percentage of the labour force","A","Annual","2013","2013",0.76,,
"NLD","Netherlands","40","Employment incentives","STOPCT","Participant stocks as a percentage of the labour force","A","Annual","2014","2014",0.94,,
"NLD","Netherlands","40","Employment incentives","STOPCT","Participant stocks as a percentage of the labour force","A","Annual","2015","2015",1.03,,
"NLD","Netherlands","40","Employment incentives","STOPCT","Participant stocks as a percentage of the labour force","A","Annual","2016","2016",0.93,,
"NLD","Netherlands","40","Employment incentives","STOPCT","Participant stocks as a percentage of the labour force","A","Annual","2017","2017",0.82,,
"NLD","Netherlands","40","Employment incentives","STOPCT","Participant stocks as a percentage of the labour force","A","Annual","2018","2018",1.01,,
"NLD","Netherlands","40","Employment incentives","STOPCT","Participant stocks as a percentage of the labour force","A","Annual","2019","2019",0.99,,
"NLD","Netherlands","60","Direct job creation","EXPPCT","Public expenditure as a percentage of GDP","A","Annual","2008","2008",0.14,,
"NLD","Netherlands","60","Direct job creation","EXPPCT","Public expenditure as a percentage of GDP","A","Annual","2009","2009",0.15,,
"NLD","Netherlands","60","Direct job creation","EXPPCT","Public expenditure as a percentage of GDP","A","Annual","2010","2010",0.15,,
"NLD","Netherlands","60","Direct job creation","EXPPCT","Public expenditure as a percentage of GDP","A","Annual","2011","2011",0.1,,
"NLD","Netherlands","60","Direct job creation","EXPPCT","Public expenditure as a percentage of GDP","A","Annual","2012","2012",0.05,,
"NLD","Netherlands","60","Direct job creation","EXPPCT","Public expenditure as a percentage of GDP","A","Annual","2013","2013",0.04,,
"NLD","Netherlands","60","Direct job creation","EXPPCT","Public expenditure as a percentage of GDP","A","Annual","2014","2014",0.03,,
"NLD","Netherlands","60","Direct job creation","EXPPCT","Public expenditure as a percentage of GDP","A","Annual","2015","2015",0.02,,
"NLD","Netherlands","60","Direct job creation","EXPPCT","Public expenditure as a percentage of GDP","A","Annual","2016","2016",0.02,,
"NLD","Netherlands","60","Direct job creation","EXPPCT","Public expenditure as a percentage of GDP","A","Annual","2017","2017",0.01,,
"NLD","Netherlands","60","Direct job creation","EXPPCT","Public expenditure as a percentage of GDP","A","Annual","2018","2018",0.01,,
"NLD","Netherlands","60","Direct job creation","EXPPCT","Public expenditure as a percentage of GDP","A","Annual","2019","2019",0.01,,
"NLD","Netherlands","60","Direct job creation","STOPCT","Participant stocks as a percentage of the labour force","A","Annual","2008","2008",0.37,,
"NLD","Netherlands","60","Direct job creation","STOPCT","Participant stocks as a percentage of the labour force","A","Annual","2009","2009",0.32,,
"NLD","Netherlands","60","Direct job creation","STOPCT","Participant stocks as a percentage of the labour force","A","Annual","2010","2010",0.27,,
"NLD","Netherlands","60","Direct job creation","STOPCT","Participant stocks as a percentage of the labour force","A","Annual","2011","2011",0.2,,
"NLD","Netherlands","60","Direct job creation","STOPCT","Participant stocks as a percentage of the labour force","A","Annual","2012","2012",0.12,,
"NLD","Netherlands","60","Direct job creation","STOPCT","Participant stocks as a percentage of the labour force","A","Annual","2013","2013",0.11,,
"NLD","Netherlands","60","Direct job creation","STOPCT","Participant stocks as a percentage of the labour force","A","Annual","2014","2014",0.09,,
"NLD","Netherlands","60","Direct job creation","STOPCT","Participant stocks as a percentage of the labour force","A","Annual","2015","2015",0.06,,
"NLD","Netherlands","60","Direct job creation","STOPCT","Participant stocks as a percentage of the labour force","A","Annual","2016","2016",0.05,,
"NLD","Netherlands","60","Direct job creation","STOPCT","Participant stocks as a percentage of the labour force","A","Annual","2017","2017",0.04,,
"NLD","Netherlands","60","Direct job creation","STOPCT","Participant stocks as a percentage of the labour force","A","Annual","2018","2018",0.03,,
"NLD","Netherlands","60","Direct job creation","STOPCT","Participant stocks as a percentage of the labour force","A","Annual","2019","2019",0.02,,
"NLD","Netherlands","70","Start-up incentives","EXPPCT","Public expenditure as a percentage of GDP","A","Annual","2008","2008",0,"n","Nil or less than 0.005"
"NLD","Netherlands","70","Start-up incentives","EXPPCT","Public expenditure as a percentage of GDP","A","Annual","2009","2009",0,"n","Nil or less than 0.005"
"NLD","Netherlands","70","Start-up incentives","EXPPCT","Public expenditure as a percentage of GDP","A","Annual","2010","2010",0,"n","Nil or less than 0.005"
"NLD","Netherlands","70","Start-up incentives","EXPPCT","Public expenditure as a percentage of GDP","A","Annual","2011","2011",0,"n","Nil or less than 0.005"
"NLD","Netherlands","70","Start-up incentives","EXPPCT","Public expenditure as a percentage of GDP","A","Annual","2012","2012",0,"n","Nil or less than 0.005"
"NLD","Netherlands","70","Start-up incentives","EXPPCT","Public expenditure as a percentage of GDP","A","Annual","2013","2013",0,"n","Nil or less than 0.005"
"NLD","Netherlands","70","Start-up incentives","EXPPCT","Public expenditure as a percentage of GDP","A","Annual","2014","2014",0,"n","Nil or less than 0.005"
"NLD","Netherlands","70","Start-up incentives","EXPPCT","Public expenditure as a percentage of GDP","A","Annual","2015","2015",0,"n","Nil or less than 0.005"
"NLD","Netherlands","70","Start-up incentives","EXPPCT","Public expenditure as a percentage of GDP","A","Annual","2016","2016",0,"n","Nil or less than 0.005"
"NLD","Netherlands","70","Start-up incentives","EXPPCT","Public expenditure as a percentage of GDP","A","Annual","2017","2017",0,"n","Nil or less than 0.005"
"NLD","Netherlands","70","Start-up incentives","EXPPCT","Public expenditure as a percentage of GDP","A","Annual","2018","2018",0,"n","Nil or less than 0.005"
"NLD","Netherlands","70","Start-up incentives","EXPPCT","Public expenditure as a percentage of GDP","A","Annual","2019","2019",0,"n","Nil or less than 0.005"
"NLD","Netherlands","70","Start-up incentives","STOPCT","Participant stocks as a percentage of the labour force","A","Annual","2008","2008",0,"n","Nil or less than 0.005"
"NLD","Netherlands","70","Start-up incentives","STOPCT","Participant stocks as a percentage of the labour force","A","Annual","2009","2009",0,"n","Nil or less than 0.005"
"NLD","Netherlands","70","Start-up incentives","STOPCT","Participant stocks as a percentage of the labour force","A","Annual","2010","2010",0,"n","Nil or less than 0.005"
"NLD","Netherlands","70","Start-up incentives","STOPCT","Participant stocks as a percentage of the labour force","A","Annual","2011","2011",0,"n","Nil or less than 0.005"
"NLD","Netherlands","70","Start-up incentives","STOPCT","Participant stocks as a percentage of the labour force","A","Annual","2012","2012",0,"n","Nil or less than 0.005"
"NLD","Netherlands","70","Start-up incentives","STOPCT","Participant stocks as a percentage of the labour force","A","Annual","2013","2013",0,"n","Nil or less than 0.005"
"NLD","Netherlands","70","Start-up incentives","STOPCT","Participant stocks as a percentage of the labour force","A","Annual","2014","2014",0,"n","Nil or less than 0.005"
"NLD","Netherlands","70","Start-up incentives","STOPCT","Participant stocks as a percentage of the labour force","A","Annual","2015","2015",0,"n","Nil or less than 0.005"
"NLD","Netherlands","70","Start-up incentives","STOPCT","Participant stocks as a percentage of the labour force","A","Annual","2016","2016",0,"n","Nil or less than 0.005"
"NLD","Netherlands","70","Start-up incentives","STOPCT","Participant stocks as a percentage of the labour force","A","Annual","2017","2017",0,"n","Nil or less than 0.005"
"NLD","Netherlands","70","Start-up incentives","STOPCT","Participant stocks as a percentage of the labour force","A","Annual","2018","2018",0,"n","Nil or less than 0.005"
"NLD","Netherlands","70","Start-up incentives","STOPCT","Participant stocks as a percentage of the labour force","A","Annual","2019","2019",0,"n","Nil or less than 0.005"
"NLD","Netherlands","90","Early retirement","EXPPCT","Public expenditure as a percentage of GDP","A","Annual","2008","2008",0,"n","Nil or less than 0.005"
"NLD","Netherlands","90","Early retirement","EXPPCT","Public expenditure as a percentage of GDP","A","Annual","2009","2009",0,"n","Nil or less than 0.005"
"NLD","Netherlands","90","Early retirement","EXPPCT","Public expenditure as a percentage of GDP","A","Annual","2010","2010",0,"n","Nil or less than 0.005"
"NLD","Netherlands","90","Early retirement","EXPPCT","Public expenditure as a percentage of GDP","A","Annual","2011","2011",0,"n","Nil or less than 0.005"
"NLD","Netherlands","90","Early retirement","EXPPCT","Public expenditure as a percentage of GDP","A","Annual","2012","2012",0,"n","Nil or less than 0.005"
"NLD","Netherlands","90","Early retirement","EXPPCT","Public expenditure as a percentage of GDP","A","Annual","2013","2013",0,"n","Nil or less than 0.005"
"NLD","Netherlands","90","Early retirement","EXPPCT","Public expenditure as a percentage of GDP","A","Annual","2014","2014",0,"n","Nil or less than 0.005"
"NLD","Netherlands","90","Early retirement","EXPPCT","Public expenditure as a percentage of GDP","A","Annual","2015","2015",0,"n","Nil or less than 0.005"
"NLD","Netherlands","90","Early retirement","EXPPCT","Public expenditure as a percentage of GDP","A","Annual","2016","2016",0,"n","Nil or less than 0.005"
"NLD","Netherlands","90","Early retirement","EXPPCT","Public expenditure as a percentage of GDP","A","Annual","2017","2017",0,"n","Nil or less than 0.005"
"NLD","Netherlands","90","Early retirement","EXPPCT","Public expenditure as a percentage of GDP","A","Annual","2018","2018",0,"n","Nil or less than 0.005"
"NLD","Netherlands","90","Early retirement","EXPPCT","Public expenditure as a percentage of GDP","A","Annual","2019","2019",0,"n","Nil or less than 0.005"
"NLD","Netherlands","90","Early retirement","STOPCT","Participant stocks as a percentage of the labour force","A","Annual","2008","2008",0,"n","Nil or less than 0.005"
"NLD","Netherlands","90","Early retirement","STOPCT","Participant stocks as a percentage of the labour force","A","Annual","2009","2009",0,"n","Nil or less than 0.005"
"NLD","Netherlands","90","Early retirement","STOPCT","Participant stocks as a percentage of the labour force","A","Annual","2010","2010",0,"n","Nil or less than 0.005"
"NLD","Netherlands","90","Early retirement","STOPCT","Participant stocks as a percentage of the labour force","A","Annual","2011","2011",0,"n","Nil or less than 0.005"
"NLD","Netherlands","90","Early retirement","STOPCT","Participant stocks as a percentage of the labour force","A","Annual","2012","2012",0,"n","Nil or less than 0.005"
"NLD","Netherlands","90","Early retirement","STOPCT","Participant stocks as a percentage of the labour force","A","Annual","2013","2013",0,"n","Nil or less than 0.005"
"NLD","Netherlands","90","Early retirement","STOPCT","Participant stocks as a percentage of the labour force","A","Annual","2014","2014",0,"n","Nil or less than 0.005"
"NLD","Netherlands","90","Early retirement","STOPCT","Participant stocks as a percentage of the labour force","A","Annual","2015","2015",0,"n","Nil or less than 0.005"
"NLD","Netherlands","90","Early retirement","STOPCT","Participant stocks as a percentage of the labour force","A","Annual","2016","2016",0,"n","Nil or less than 0.005"
"NLD","Netherlands","90","Early retirement","STOPCT","Participant stocks as a percentage of the labour force","A","Annual","2017","2017",0,"n","Nil or less than 0.005"
"NLD","Netherlands","90","Early retirement","STOPCT","Participant stocks as a percentage of the labour force","A","Annual","2018","2018",0,"n","Nil or less than 0.005"
"NLD","Netherlands","90","Early retirement","STOPCT","Participant stocks as a percentage of the labour force","A","Annual","2019","2019",0,"n","Nil or less than 0.005"
"NLD","Netherlands","11","Placement and related services","EXPPCT","Public expenditure as a percentage of GDP","A","Annual","2008","2008",0.17,,
"NLD","Netherlands","11","Placement and related services","EXPPCT","Public expenditure as a percentage of GDP","A","Annual","2009","2009",0.22,,
"NLD","Netherlands","11","Placement and related services","EXPPCT","Public expenditure as a percentage of GDP","A","Annual","2010","2010",0.25,,
"NLD","Netherlands","11","Placement and related services","EXPPCT","Public expenditure as a percentage of GDP","A","Annual","2011","2011",0.24,,
"NLD","Netherlands","11","Placement and related services","EXPPCT","Public expenditure as a percentage of GDP","A","Annual","2012","2012",0.14,,
"NLD","Netherlands","11","Placement and related services","EXPPCT","Public expenditure as a percentage of GDP","A","Annual","2013","2013",0.11,,
"NLD","Netherlands","11","Placement and related services","EXPPCT","Public expenditure as a percentage of GDP","A","Annual","2014","2014",0.09,,
"NLD","Netherlands","11","Placement and related services","EXPPCT","Public expenditure as a percentage of GDP","A","Annual","2015","2015",0.08,,
"NLD","Netherlands","11","Placement and related services","EXPPCT","Public expenditure as a percentage of GDP","A","Annual","2016","2016",0.08,,
"NLD","Netherlands","11","Placement and related services","EXPPCT","Public expenditure as a percentage of GDP","A","Annual","2017","2017",0.08,,
"NLD","Netherlands","11","Placement and related services","EXPPCT","Public expenditure as a percentage of GDP","A","Annual","2018","2018",0.08,,
"NLD","Netherlands","11","Placement and related services","EXPPCT","Public expenditure as a percentage of GDP","A","Annual","2019","2019",0.07,,
"NLD","Netherlands","12","Benefit administration","EXPPCT","Public expenditure as a percentage of GDP","A","Annual","2008","2008",0.1,,
"NLD","Netherlands","12","Benefit administration","EXPPCT","Public expenditure as a percentage of GDP","A","Annual","2009","2009",0.12,,
"NLD","Netherlands","12","Benefit administration","EXPPCT","Public expenditure as a percentage of GDP","A","Annual","2010","2010",0.1,,
"NLD","Netherlands","12","Benefit administration","EXPPCT","Public expenditure as a percentage of GDP","A","Annual","2011","2011",0.1,,
"NLD","Netherlands","12","Benefit administration","EXPPCT","Public expenditure as a percentage of GDP","A","Annual","2012","2012",0.12,,
"NLD","Netherlands","12","Benefit administration","EXPPCT","Public expenditure as a percentage of GDP","A","Annual","2013","2013",0.14,,
"NLD","Netherlands","12","Benefit administration","EXPPCT","Public expenditure as a percentage of GDP","A","Annual","2014","2014",0.18,,
"NLD","Netherlands","12","Benefit administration","EXPPCT","Public expenditure as a percentage of GDP","A","Annual","2015","2015",0.16,,
"NLD","Netherlands","12","Benefit administration","EXPPCT","Public expenditure as a percentage of GDP","A","Annual","2016","2016",0.14,,
"NLD","Netherlands","12","Benefit administration","EXPPCT","Public expenditure as a percentage of GDP","A","Annual","2017","2017",0.13,,
"NLD","Netherlands","12","Benefit administration","EXPPCT","Public expenditure as a percentage of GDP","A","Annual","2018","2018",0.12,,
"NLD","Netherlands","12","Benefit administration","EXPPCT","Public expenditure as a percentage of GDP","A","Annual","2019","2019",0.11,,
"NLD","Netherlands","81","Full unemployment benefits","EXPPCT","Public expenditure as a percentage of GDP","A","Annual","2008","2008",1.02,,
"NLD","Netherlands","81","Full unemployment benefits","EXPPCT","Public expenditure as a percentage of GDP","A","Annual","2009","2009",1.37,,
"NLD","Netherlands","81","Full unemployment benefits","EXPPCT","Public expenditure as a percentage of GDP","A","Annual","2010","2010",1.43,,
"NLD","Netherlands","81","Full unemployment benefits","EXPPCT","Public expenditure as a percentage of GDP","A","Annual","2011","2011",1.34,,
"NLD","Netherlands","81","Full unemployment benefits","EXPPCT","Public expenditure as a percentage of GDP","A","Annual","2012","2012",1.6,,
"NLD","Netherlands","81","Full unemployment benefits","EXPPCT","Public expenditure as a percentage of GDP","A","Annual","2013","2013",1.92,,
"NLD","Netherlands","81","Full unemployment benefits","EXPPCT","Public expenditure as a percentage of GDP","A","Annual","2014","2014",1.95,,
"NLD","Netherlands","81","Full unemployment benefits","EXPPCT","Public expenditure as a percentage of GDP","A","Annual","2015","2015",1.79,,
"NLD","Netherlands","81","Full unemployment benefits","EXPPCT","Public expenditure as a percentage of GDP","A","Annual","2016","2016",1.65,,
"NLD","Netherlands","81","Full unemployment benefits","EXPPCT","Public expenditure as a percentage of GDP","A","Annual","2017","2017",1.5,,
"NLD","Netherlands","81","Full unemployment benefits","EXPPCT","Public expenditure as a percentage of GDP","A","Annual","2018","2018",1.37,,
"NLD","Netherlands","81","Full unemployment benefits","EXPPCT","Public expenditure as a percentage of GDP","A","Annual","2019","2019",1.23,,
"NLD","Netherlands","81","Full unemployment benefits","STOPCT","Participant stocks as a percentage of the labour force","A","Annual","2008","2008",5.44,,
"NLD","Netherlands","81","Full unemployment benefits","STOPCT","Participant stocks as a percentage of the labour force","A","Annual","2009","2009",6.85,,
"NLD","Netherlands","81","Full unemployment benefits","STOPCT","Participant stocks as a percentage of the labour force","A","Annual","2010","2010",7.13,,
"NLD","Netherlands","81","Full unemployment benefits","STOPCT","Participant stocks as a percentage of the labour force","A","Annual","2011","2011",7.34,,
"NLD","Netherlands","81","Full unemployment benefits","STOPCT","Participant stocks as a percentage of the labour force","A","Annual","2012","2012",8.27,,
"NLD","Netherlands","81","Full unemployment benefits","STOPCT","Participant stocks as a percentage of the labour force","A","Annual","2013","2013",9.63,,
"NLD","Netherlands","81","Full unemployment benefits","STOPCT","Participant stocks as a percentage of the labour force","A","Annual","2014","2014",9.85,,
"NLD","Netherlands","81","Full unemployment benefits","STOPCT","Participant stocks as a percentage of the labour force","A","Annual","2015","2015",9.56,,
"NLD","Netherlands","81","Full unemployment benefits","STOPCT","Participant stocks as a percentage of the labour force","A","Annual","2016","2016",9.39,,
"NLD","Netherlands","81","Full unemployment benefits","STOPCT","Participant stocks as a percentage of the labour force","A","Annual","2017","2017",8.6,,
"NLD","Netherlands","81","Full unemployment benefits","STOPCT","Participant stocks as a percentage of the labour force","A","Annual","2018","2018",7.62,,
"NLD","Netherlands","81","Full unemployment benefits","STOPCT","Participant stocks as a percentage of the labour force","A","Annual","2019","2019",7.28,,
"ESP","Spain","20","Training","EXPPCT","Public expenditure as a percentage of GDP","A","Annual","2008","2008",0.17,,
"ESP","Spain","20","Training","EXPPCT","Public expenditure as a percentage of GDP","A","Annual","2009","2009",0.19,,
"ESP","Spain","20","Training","EXPPCT","Public expenditure as a percentage of GDP","A","Annual","2010","2010",0.19,,
"ESP","Spain","20","Training","EXPPCT","Public expenditure as a percentage of GDP","A","Annual","2011","2011",0.2,,
"ESP","Spain","20","Training","EXPPCT","Public expenditure as a percentage of GDP","A","Annual","2012","2012",0.15,,
"ESP","Spain","20","Training","EXPPCT","Public expenditure as a percentage of GDP","A","Annual","2013","2013",0.12,,
"ESP","Spain","20","Training","EXPPCT","Public expenditure as a percentage of GDP","A","Annual","2014","2014",0.12,,
"ESP","Spain","20","Training","EXPPCT","Public expenditure as a percentage of GDP","A","Annual","2015","2015",0.11,,
"ESP","Spain","20","Training","EXPPCT","Public expenditure as a percentage of GDP","A","Annual","2016","2016",0.11,,
"ESP","Spain","20","Training","EXPPCT","Public expenditure as a percentage of GDP","A","Annual","2017","2017",0.11,,
"ESP","Spain","20","Training","EXPPCT","Public expenditure as a percentage of GDP","A","Annual","2018","2018",0.11,,
"ESP","Spain","20","Training","EXPPCT","Public expenditure as a percentage of GDP","A","Annual","2019","2019",0.11,,
"ESP","Spain","20","Training","STOPCT","Participant stocks as a percentage of the labour force","A","Annual","2008","2008",1.29,,
"ESP","Spain","20","Training","STOPCT","Participant stocks as a percentage of the labour force","A","Annual","2009","2009",1.58,,
"ESP","Spain","20","Training","STOPCT","Participant stocks as a percentage of the labour force","A","Annual","2010","2010",1.84,,
"ESP","Spain","20","Training","STOPCT","Participant stocks as a percentage of the labour force","A","Annual","2011","2011",1.31,,
"ESP","Spain","20","Training","STOPCT","Participant stocks as a percentage of the labour force","A","Annual","2012","2012",1.61,,
"ESP","Spain","20","Training","STOPCT","Participant stocks as a percentage of the labour force","A","Annual","2013","2013",1.48,,
"ESP","Spain","20","Training","STOPCT","Participant stocks as a percentage of the labour force","A","Annual","2014","2014",1.43,,
"ESP","Spain","20","Training","STOPCT","Participant stocks as a percentage of the labour force","A","Annual","2015","2015",1.36,,
"ESP","Spain","20","Training","STOPCT","Participant stocks as a percentage of the labour force","A","Annual","2016","2016",0.93,,
"ESP","Spain","20","Training","STOPCT","Participant stocks as a percentage of the labour force","A","Annual","2017","2017",1.1,,
"ESP","Spain","20","Training","STOPCT","Participant stocks as a percentage of the labour force","A","Annual","2018","2018",1.55,,
"ESP","Spain","20","Training","STOPCT","Participant stocks as a percentage of the labour force","A","Annual","2019","2019",1.35,,
"ESP","Spain","40","Employment incentives","EXPPCT","Public expenditure as a percentage of GDP","A","Annual","2008","2008",0.23,,
"ESP","Spain","40","Employment incentives","EXPPCT","Public expenditure as a percentage of GDP","A","Annual","2009","2009",0.22,,
"ESP","Spain","40","Employment incentives","EXPPCT","Public expenditure as a percentage of GDP","A","Annual","2010","2010",0.27,,
"ESP","Spain","40","Employment incentives","EXPPCT","Public expenditure as a percentage of GDP","A","Annual","2011","2011",0.26,,
"ESP","Spain","40","Employment incentives","EXPPCT","Public expenditure as a percentage of GDP","A","Annual","2012","2012",0.18,,
"ESP","Spain","40","Employment incentives","EXPPCT","Public expenditure as a percentage of GDP","A","Annual","2013","2013",0.07,,
"ESP","Spain","40","Employment incentives","EXPPCT","Public expenditure as a percentage of GDP","A","Annual","2014","2014",0.07,,
"ESP","Spain","40","Employment incentives","EXPPCT","Public expenditure as a percentage of GDP","A","Annual","2015","2015",0.06,,
"ESP","Spain","40","Employment incentives","EXPPCT","Public expenditure as a percentage of GDP","A","Annual","2016","2016",0.06,,
"ESP","Spain","40","Employment incentives","EXPPCT","Public expenditure as a percentage of GDP","A","Annual","2017","2017",0.1,,
"ESP","Spain","40","Employment incentives","EXPPCT","Public expenditure as a percentage of GDP","A","Annual","2018","2018",0.08,,
"ESP","Spain","40","Employment incentives","EXPPCT","Public expenditure as a percentage of GDP","A","Annual","2019","2019",0.08,,
"ESP","Spain","40","Employment incentives","STOPCT","Participant stocks as a percentage of the labour force","A","Annual","2008","2008",11.47,,
"ESP","Spain","40","Employment incentives","STOPCT","Participant stocks as a percentage of the labour force","A","Annual","2009","2009",9.79,,
"ESP","Spain","40","Employment incentives","STOPCT","Participant stocks as a percentage of the labour force","A","Annual","2010","2010",8.96,,
"ESP","Spain","40","Employment incentives","STOPCT","Participant stocks as a percentage of the labour force","A","Annual","2011","2011",7.96,,
"ESP","Spain","40","Employment incentives","STOPCT","Participant stocks as a percentage of the labour force","A","Annual","2012","2012",6.79,,
"ESP","Spain","40","Employment incentives","STOPCT","Participant stocks as a percentage of the labour force","A","Annual","2013","2013",4,,
"ESP","Spain","40","Employment incentives","STOPCT","Participant stocks as a percentage of the labour force","A","Annual","2014","2014",3.6,,
"ESP","Spain","40","Employment incentives","STOPCT","Participant stocks as a percentage of the labour force","A","Annual","2015","2015",3.64,,
"ESP","Spain","40","Employment incentives","STOPCT","Participant stocks as a percentage of the labour force","A","Annual","2016","2016",4.05,,
"ESP","Spain","40","Employment incentives","STOPCT","Participant stocks as a percentage of the labour force","A","Annual","2017","2017",5.77,,
"ESP","Spain","40","Employment incentives","STOPCT","Participant stocks as a percentage of the labour force","A","Annual","2018","2018",5.77,,
"ESP","Spain","40","Employment incentives","STOPCT","Participant stocks as a percentage of the labour force","A","Annual","2019","2019",5.79,,
"ESP","Spain","60","Direct job creation","EXPPCT","Public expenditure as a percentage of GDP","A","Annual","2008","2008",0.09,,
"ESP","Spain","60","Direct job creation","EXPPCT","Public expenditure as a percentage of GDP","A","Annual","2009","2009",0.1,,
"ESP","Spain","60","Direct job creation","EXPPCT","Public expenditure as a percentage of GDP","A","Annual","2010","2010",0.1,,
"ESP","Spain","60","Direct job creation","EXPPCT","Public expenditure as a percentage of GDP","A","Annual","2011","2011",0.08,,
"ESP","Spain","60","Direct job creation","EXPPCT","Public expenditure as a percentage of GDP","A","Annual","2012","2012",0.06,,
"ESP","Spain","60","Direct job creation","EXPPCT","Public expenditure as a percentage of GDP","A","Annual","2013","2013",0.06,,
"ESP","Spain","60","Direct job creation","EXPPCT","Public expenditure as a percentage of GDP","A","Annual","2014","2014",0.09,,
"ESP","Spain","60","Direct job creation","EXPPCT","Public expenditure as a percentage of GDP","A","Annual","2015","2015",0.1,,
"ESP","Spain","60","Direct job creation","EXPPCT","Public expenditure as a percentage of GDP","A","Annual","2016","2016",0.09,,
"ESP","Spain","60","Direct job creation","EXPPCT","Public expenditure as a percentage of GDP","A","Annual","2017","2017",0.1,,
"ESP","Spain","60","Direct job creation","EXPPCT","Public expenditure as a percentage of GDP","A","Annual","2018","2018",0.12,,
"ESP","Spain","60","Direct job creation","EXPPCT","Public expenditure as a percentage of GDP","A","Annual","2019","2019",0.11,,
"ESP","Spain","60","Direct job creation","STOPCT","Participant stocks as a percentage of the labour force","A","Annual","2011","2011",0.24,,
"ESP","Spain","60","Direct job creation","STOPCT","Participant stocks as a percentage of the labour force","A","Annual","2012","2012",0.37,,
"ESP","Spain","60","Direct job creation","STOPCT","Participant stocks as a percentage of the labour force","A","Annual","2013","2013",0.49,,
"ESP","Spain","60","Direct job creation","STOPCT","Participant stocks as a percentage of the labour force","A","Annual","2014","2014",0.75,,
"ESP","Spain","60","Direct job creation","STOPCT","Participant stocks as a percentage of the labour force","A","Annual","2015","2015",0.86,,
"ESP","Spain","60","Direct job creation","STOPCT","Participant stocks as a percentage of the labour force","A","Annual","2016","2016",0.63,,
"ESP","Spain","60","Direct job creation","STOPCT","Participant stocks as a percentage of the labour force","A","Annual","2017","2017",0.42,,
"ESP","Spain","60","Direct job creation","STOPCT","Participant stocks as a percentage of the labour force","A","Annual","2018","2018",1.24,,
"ESP","Spain","60","Direct job creation","STOPCT","Participant stocks as a percentage of the labour force","A","Annual","2019","2019",0.98,,
"ESP","Spain","70","Start-up incentives","EXPPCT","Public expenditure as a percentage of GDP","A","Annual","2008","2008",0.1,,
"ESP","Spain","70","Start-up incentives","EXPPCT","Public expenditure as a percentage of GDP","A","Annual","2009","2009",0.1,,
"ESP","Spain","70","Start-up incentives","EXPPCT","Public expenditure as a percentage of GDP","A","Annual","2010","2010",0.12,,
"ESP","Spain","70","Start-up incentives","EXPPCT","Public expenditure as a percentage of GDP","A","Annual","2011","2011",0.11,,
"ESP","Spain","70","Start-up incentives","EXPPCT","Public expenditure as a percentage of GDP","A","Annual","2012","2012",0.11,,
"ESP","Spain","70","Start-up incentives","EXPPCT","Public expenditure as a percentage of GDP","A","Annual","2013","2013",0.11,,
"ESP","Spain","70","Start-up incentives","EXPPCT","Public expenditure as a percentage of GDP","A","Annual","2014","2014",0.11,,
"ESP","Spain","70","Start-up incentives","EXPPCT","Public expenditure as a percentage of GDP","A","Annual","2015","2015",0.1,,
"ESP","Spain","70","Start-up incentives","EXPPCT","Public expenditure as a percentage of GDP","A","Annual","2016","2016",0.09,,
"ESP","Spain","70","Start-up incentives","EXPPCT","Public expenditure as a percentage of GDP","A","Annual","2017","2017",0.13,,
"ESP","Spain","70","Start-up incentives","EXPPCT","Public expenditure as a percentage of GDP","A","Annual","2018","2018",0.13,,
"ESP","Spain","70","Start-up incentives","EXPPCT","Public expenditure as a percentage of GDP","A","Annual","2019","2019",0.14,,
"ESP","Spain","70","Start-up incentives","STOPCT","Participant stocks as a percentage of the labour force","A","Annual","2008","2008",1.7,,
"ESP","Spain","70","Start-up incentives","STOPCT","Participant stocks as a percentage of the labour force","A","Annual","2009","2009",1.72,,
"ESP","Spain","70","Start-up incentives","STOPCT","Participant stocks as a percentage of the labour force","A","Annual","2010","2010",1.59,,
"ESP","Spain","70","Start-up incentives","STOPCT","Participant stocks as a percentage of the labour force","A","Annual","2011","2011",1.51,,
"ESP","Spain","70","Start-up incentives","STOPCT","Participant stocks as a percentage of the labour force","A","Annual","2012","2012",1.64,,
"ESP","Spain","70","Start-up incentives","STOPCT","Participant stocks as a percentage of the labour force","A","Annual","2013","2013",1.66,,
"ESP","Spain","70","Start-up incentives","STOPCT","Participant stocks as a percentage of the labour force","A","Annual","2014","2014",1.94,,
"ESP","Spain","70","Start-up incentives","STOPCT","Participant stocks as a percentage of the labour force","A","Annual","2015","2015",1.9,,
"ESP","Spain","70","Start-up incentives","STOPCT","Participant stocks as a percentage of the labour force","A","Annual","2016","2016",1.5,,
"ESP","Spain","70","Start-up incentives","STOPCT","Participant stocks as a percentage of the labour force","A","Annual","2017","2017",3.13,,
"ESP","Spain","70","Start-up incentives","STOPCT","Participant stocks as a percentage of the labour force","A","Annual","2018","2018",4.09,,
"ESP","Spain","70","Start-up incentives","STOPCT","Participant stocks as a percentage of the labour force","A","Annual","2019","2019",4.07,,
"ESP","Spain","90","Early retirement","EXPPCT","Public expenditure as a percentage of GDP","A","Annual","2008","2008",0.06,,
"ESP","Spain","90","Early retirement","EXPPCT","Public expenditure as a percentage of GDP","A","Annual","2009","2009",0.06,,
"ESP","Spain","90","Early retirement","EXPPCT","Public expenditure as a percentage of GDP","A","Annual","2010","2010",0.04,,
"ESP","Spain","90","Early retirement","EXPPCT","Public expenditure as a percentage of GDP","A","Annual","2011","2011",0.04,,
"ESP","Spain","90","Early retirement","EXPPCT","Public expenditure as a percentage of GDP","A","Annual","2012","2012",0.04,,
"ESP","Spain","90","Early retirement","EXPPCT","Public expenditure as a percentage of GDP","A","Annual","2013","2013",0.02,,
"ESP","Spain","90","Early retirement","EXPPCT","Public expenditure as a percentage of GDP","A","Annual","2014","2014",0.03,,
"ESP","Spain","90","Early retirement","EXPPCT","Public expenditure as a percentage of GDP","A","Annual","2015","2015",0.02,,
"ESP","Spain","90","Early retirement","EXPPCT","Public expenditure as a percentage of GDP","A","Annual","2016","2016",0.02,,
"ESP","Spain","90","Early retirement","EXPPCT","Public expenditure as a percentage of GDP","A","Annual","2017","2017",0.02,,
"ESP","Spain","90","Early retirement","EXPPCT","Public expenditure as a percentage of GDP","A","Annual","2018","2018",0.02,,
"ESP","Spain","90","Early retirement","EXPPCT","Public expenditure as a percentage of GDP","A","Annual","2019","2019",0.01,,
"ESP","Spain","11","Placement and related services","EXPPCT","Public expenditure as a percentage of GDP","A","Annual","2008","2008",0.02,,
"ESP","Spain","11","Placement and related services","EXPPCT","Public expenditure as a percentage of GDP","A","Annual","2009","2009",0.04,,
"ESP","Spain","11","Placement and related services","EXPPCT","Public expenditure as a percentage of GDP","A","Annual","2010","2010",0.03,,
"ESP","Spain","11","Placement and related services","EXPPCT","Public expenditure as a percentage of GDP","A","Annual","2011","2011",0.03,,
"ESP","Spain","11","Placement and related services","EXPPCT","Public expenditure as a percentage of GDP","A","Annual","2012","2012",0.03,,
"ESP","Spain","11","Placement and related services","EXPPCT","Public expenditure as a percentage of GDP","A","Annual","2013","2013",0.02,,
"ESP","Spain","11","Placement and related services","EXPPCT","Public expenditure as a percentage of GDP","A","Annual","2014","2014",0.03,,
"ESP","Spain","11","Placement and related services","EXPPCT","Public expenditure as a percentage of GDP","A","Annual","2015","2015",0.06,,
"ESP","Spain","11","Placement and related services","EXPPCT","Public expenditure as a percentage of GDP","A","Annual","2016","2016",0.06,,
"ESP","Spain","11","Placement and related services","EXPPCT","Public expenditure as a percentage of GDP","A","Annual","2017","2017",0.07,,
"ESP","Spain","11","Placement and related services","EXPPCT","Public expenditure as a percentage of GDP","A","Annual","2018","2018",0.07,,
"ESP","Spain","11","Placement and related services","EXPPCT","Public expenditure as a percentage of GDP","A","Annual","2019","2019",0.05,,
"ESP","Spain","12","Benefit administration","EXPPCT","Public expenditure as a percentage of GDP","A","Annual","2008","2008",0.02,,
"ESP","Spain","12","Benefit administration","EXPPCT","Public expenditure as a percentage of GDP","A","Annual","2009","2009",0.03,,
"ESP","Spain","12","Benefit administration","EXPPCT","Public expenditure as a percentage of GDP","A","Annual","2010","2010",0.03,,
"ESP","Spain","12","Benefit administration","EXPPCT","Public expenditure as a percentage of GDP","A","Annual","2011","2011",0.03,,
"ESP","Spain","12","Benefit administration","EXPPCT","Public expenditure as a percentage of GDP","A","Annual","2012","2012",0.03,,
"ESP","Spain","12","Benefit administration","EXPPCT","Public expenditure as a percentage of GDP","A","Annual","2013","2013",0.03,,
"ESP","Spain","12","Benefit administration","EXPPCT","Public expenditure as a percentage of GDP","A","Annual","2014","2014",0.03,,
"ESP","Spain","12","Benefit administration","EXPPCT","Public expenditure as a percentage of GDP","A","Annual","2015","2015",0.03,,
"ESP","Spain","12","Benefit administration","EXPPCT","Public expenditure as a percentage of GDP","A","Annual","2016","2016",0.02,,
"ESP","Spain","12","Benefit administration","EXPPCT","Public expenditure as a percentage of GDP","A","Annual","2017","2017",0.02,,
"ESP","Spain","12","Benefit administration","EXPPCT","Public expenditure as a percentage of GDP","A","Annual","2018","2018",0.02,,
"ESP","Spain","12","Benefit administration","EXPPCT","Public expenditure as a percentage of GDP","A","Annual","2019","2019",0.02,,
"ESP","Spain","81","Full unemployment benefits","EXPPCT","Public expenditure as a percentage of GDP","A","Annual","2008","2008",1.75,,
"ESP","Spain","81","Full unemployment benefits","EXPPCT","Public expenditure as a percentage of GDP","A","Annual","2009","2009",2.77,,
"ESP","Spain","81","Full unemployment benefits","EXPPCT","Public expenditure as a percentage of GDP","A","Annual","2010","2010",2.9,,
"ESP","Spain","81","Full unemployment benefits","EXPPCT","Public expenditure as a percentage of GDP","A","Annual","2011","2011",2.71,,
"ESP","Spain","81","Full unemployment benefits","EXPPCT","Public expenditure as a percentage of GDP","A","Annual","2012","2012",2.92,,
"ESP","Spain","81","Full unemployment benefits","EXPPCT","Public expenditure as a percentage of GDP","A","Annual","2013","2013",2.81,,
"ESP","Spain","81","Full unemployment benefits","EXPPCT","Public expenditure as a percentage of GDP","A","Annual","2014","2014",2.31,,
"ESP","Spain","81","Full unemployment benefits","EXPPCT","Public expenditure as a percentage of GDP","A","Annual","2015","2015",1.84,,
"ESP","Spain","81","Full unemployment benefits","EXPPCT","Public expenditure as a percentage of GDP","A","Annual","2016","2016",1.6,,
"ESP","Spain","81","Full unemployment benefits","EXPPCT","Public expenditure as a percentage of GDP","A","Annual","2017","2017",1.43,,
"ESP","Spain","81","Full unemployment benefits","EXPPCT","Public expenditure as a percentage of GDP","A","Annual","2018","2018",1.37,,
"ESP","Spain","81","Full unemployment benefits","EXPPCT","Public expenditure as a percentage of GDP","A","Annual","2019","2019",1.46,,
"ESP","Spain","81","Full unemployment benefits","STOPCT","Participant stocks as a percentage of the labour force","A","Annual","2008","2008",7.85,,
"ESP","Spain","81","Full unemployment benefits","STOPCT","Participant stocks as a percentage of the labour force","A","Annual","2009","2009",11.47,,
"ESP","Spain","81","Full unemployment benefits","STOPCT","Participant stocks as a percentage of the labour force","A","Annual","2010","2010",12.97,,
"ESP","Spain","81","Full unemployment benefits","STOPCT","Participant stocks as a percentage of the labour force","A","Annual","2011","2011",12.07,,
"ESP","Spain","81","Full unemployment benefits","STOPCT","Participant stocks as a percentage of the labour force","A","Annual","2012","2012",12.44,,
"ESP","Spain","81","Full unemployment benefits","STOPCT","Participant stocks as a percentage of the labour force","A","Annual","2013","2013",12.23,,
"ESP","Spain","81","Full unemployment benefits","STOPCT","Participant stocks as a percentage of the labour force","A","Annual","2014","2014",11,,
"ESP","Spain","81","Full unemployment benefits","STOPCT","Participant stocks as a percentage of the labour force","A","Annual","2015","2015",9.51,,
"ESP","Spain","81","Full unemployment benefits","STOPCT","Participant stocks as a percentage of the labour force","A","Annual","2016","2016",8.71,,
"ESP","Spain","81","Full unemployment benefits","STOPCT","Participant stocks as a percentage of the labour force","A","Annual","2017","2017",8.02,,
"ESP","Spain","81","Full unemployment benefits","STOPCT","Participant stocks as a percentage of the labour force","A","Annual","2018","2018",7.75,,
"ESP","Spain","81","Full unemployment benefits","STOPCT","Participant stocks as a percentage of the labour force","A","Annual","2019","2019",8.06,,
"GBR","United Kingdom","20","Training","EXPPCT","Public expenditure as a percentage of GDP","A","Annual","2008","2008",0.01,,
"GBR","United Kingdom","20","Training","EXPPCT","Public expenditure as a percentage of GDP","A","Annual","2009","2009",0.02,,
"GBR","United Kingdom","20","Training","EXPPCT","Public expenditure as a percentage of GDP","A","Annual","2010","2010",0.02,,
"GBR","United Kingdom","20","Training","EXPPCT","Public expenditure as a percentage of GDP","A","Annual","2011","2011",0.01,,
"GBR","United Kingdom","20","Training","STOPCT","Participant stocks as a percentage of the labour force","A","Annual","2008","2008",0.08,,
"GBR","United Kingdom","20","Training","STOPCT","Participant stocks as a percentage of the labour force","A","Annual","2009","2009",0.07,,
"GBR","United Kingdom","40","Employment incentives","EXPPCT","Public expenditure as a percentage of GDP","A","Annual","2008","2008",0.01,,
"GBR","United Kingdom","40","Employment incentives","EXPPCT","Public expenditure as a percentage of GDP","A","Annual","2009","2009",0.01,,
"GBR","United Kingdom","40","Employment incentives","EXPPCT","Public expenditure as a percentage of GDP","A","Annual","2010","2010",0.01,,
"GBR","United Kingdom","40","Employment incentives","EXPPCT","Public expenditure as a percentage of GDP","A","Annual","2011","2011",0.01,,
"GBR","United Kingdom","40","Employment incentives","STOPCT","Participant stocks as a percentage of the labour force","A","Annual","2008","2008",0.13,,
"GBR","United Kingdom","40","Employment incentives","STOPCT","Participant stocks as a percentage of the labour force","A","Annual","2009","2009",0.12,,
"GBR","United Kingdom","60","Direct job creation","EXPPCT","Public expenditure as a percentage of GDP","A","Annual","2008","2008",0.01,,
"GBR","United Kingdom","60","Direct job creation","EXPPCT","Public expenditure as a percentage of GDP","A","Annual","2009","2009",0.01,,
"GBR","United Kingdom","60","Direct job creation","EXPPCT","Public expenditure as a percentage of GDP","A","Annual","2010","2010",0.04,,
"GBR","United Kingdom","60","Direct job creation","EXPPCT","Public expenditure as a percentage of GDP","A","Annual","2011","2011",0.01,,
"GBR","United Kingdom","60","Direct job creation","STOPCT","Participant stocks as a percentage of the labour force","A","Annual","2008","2008",0.03,,
"GBR","United Kingdom","70","Start-up incentives","EXPPCT","Public expenditure as a percentage of GDP","A","Annual","2008","2008",0,"n","Nil or less than 0.005"
"GBR","United Kingdom","70","Start-up incentives","EXPPCT","Public expenditure as a percentage of GDP","A","Annual","2009","2009",0,"n","Nil or less than 0.005"
"GBR","United Kingdom","70","Start-up incentives","EXPPCT","Public expenditure as a percentage of GDP","A","Annual","2010","2010",0,"n","Nil or less than 0.005"
"GBR","United Kingdom","70","Start-up incentives","EXPPCT","Public expenditure as a percentage of GDP","A","Annual","2011","2011",0,"n","Nil or less than 0.005"
"GBR","United Kingdom","70","Start-up incentives","STOPCT","Participant stocks as a percentage of the labour force","A","Annual","2008","2008",0,"n","Nil or less than 0.005"
"GBR","United Kingdom","90","Early retirement","EXPPCT","Public expenditure as a percentage of GDP","A","Annual","2008","2008",0,"n","Nil or less than 0.005"
"GBR","United Kingdom","90","Early retirement","EXPPCT","Public expenditure as a percentage of GDP","A","Annual","2009","2009",0,"n","Nil or less than 0.005"
"GBR","United Kingdom","90","Early retirement","EXPPCT","Public expenditure as a percentage of GDP","A","Annual","2010","2010",0,"n","Nil or less than 0.005"
"GBR","United Kingdom","90","Early retirement","EXPPCT","Public expenditure as a percentage of GDP","A","Annual","2011","2011",0,"n","Nil or less than 0.005"
"GBR","United Kingdom","90","Early retirement","STOPCT","Participant stocks as a percentage of the labour force","A","Annual","2008","2008",0,"n","Nil or less than 0.005"
"GBR","United Kingdom","90","Early retirement","STOPCT","Participant stocks as a percentage of the labour force","A","Annual","2009","2009",0,"n","Nil or less than 0.005"
"GBR","United Kingdom","90","Early retirement","STOPCT","Participant stocks as a percentage of the labour force","A","Annual","2010","2010",0,"n","Nil or less than 0.005"
"GBR","United Kingdom","90","Early retirement","STOPCT","Participant stocks as a percentage of the labour force","A","Annual","2011","2011",0,"n","Nil or less than 0.005"
"GBR","United Kingdom","11","Placement and related services","EXPPCT","Public expenditure as a percentage of GDP","A","Annual","2008","2008",0.15,,
"GBR","United Kingdom","11","Placement and related services","EXPPCT","Public expenditure as a percentage of GDP","A","Annual","2009","2009",0.2,,
"GBR","United Kingdom","11","Placement and related services","EXPPCT","Public expenditure as a percentage of GDP","A","Annual","2010","2010",0.18,,
"GBR","United Kingdom","11","Placement and related services","EXPPCT","Public expenditure as a percentage of GDP","A","Annual","2011","2011",0.11,,
"GBR","United Kingdom","12","Benefit administration","EXPPCT","Public expenditure as a percentage of GDP","A","Annual","2008","2008",0.06,,
"GBR","United Kingdom","12","Benefit administration","EXPPCT","Public expenditure as a percentage of GDP","A","Annual","2009","2009",0.06,,
"GBR","United Kingdom","12","Benefit administration","EXPPCT","Public expenditure as a percentage of GDP","A","Annual","2010","2010",0.05,,
"GBR","United Kingdom","12","Benefit administration","EXPPCT","Public expenditure as a percentage of GDP","A","Annual","2011","2011",0.03,,
"GBR","United Kingdom","81","Full unemployment benefits","EXPPCT","Public expenditure as a percentage of GDP","A","Annual","2008","2008",0.19,,
"GBR","United Kingdom","81","Full unemployment benefits","EXPPCT","Public expenditure as a percentage of GDP","A","Annual","2009","2009",0.31,,
"GBR","United Kingdom","81","Full unemployment benefits","EXPPCT","Public expenditure as a percentage of GDP","A","Annual","2010","2010",0.28,,
"GBR","United Kingdom","81","Full unemployment benefits","EXPPCT","Public expenditure as a percentage of GDP","A","Annual","2011","2011",0.31,,
"GBR","United Kingdom","81","Full unemployment benefits","STOPCT","Participant stocks as a percentage of the labour force","A","Annual","2008","2008",3.26,,
"GBR","United Kingdom","81","Full unemployment benefits","STOPCT","Participant stocks as a percentage of the labour force","A","Annual","2009","2009",5.04,,
"GBR","United Kingdom","81","Full unemployment benefits","STOPCT","Participant stocks as a percentage of the labour force","A","Annual","2010","2010",4.65,,
"GBR","United Kingdom","81","Full unemployment benefits","STOPCT","Participant stocks as a percentage of the labour force","A","Annual","2011","2011",4.93,,
